{
  "width": 600,
  "height": 600,
  "entities": [
      {"type": "Braitenberg", "x":320, "y":300, "r":15, "theta": 270.0, "light_behavior": "Explore", "food_behavior": "Aggressive", "robot_behavior": "Coward" },
      {"type": "Predator", "x":270, "y":500, "r":15, "theta": 270.0, "light_behavior": "Coward", "food_behavior": "None", "robot_behavior": "Aggressive" },
      {"type": "Food", "x":100, "y":100, "r":20, "theta": 0.0 },
      {"type": "Food", "x":300, "y":500, "r":20, "theta": 0.0 },
      {"type": "Food", "x":500, "y":100, "r":20, "theta": 0.0 },
      {"type": "Light", "x":100, "y":250, "r":30 },
      {"type": "Light", "x":500, "y":350, "r":30 } ]
}
